{
  "name": "angular-i18n",
  "version": "1.5.5",
  "license": "MIT",
  "ignore": [
    "**/.*",
    "node_modules",
    "components",
    "precommit.sh"
  ],
  "homepage": "https://github.com/angular/bower-angular-i18n",
  "_release": "1.5.5",
  "_resolution": {
    "type": "version",
    "tag": "v1.5.5",
    "commit": "da621f3feea5a658edc1ae0fdd8ed68888363082"
  },
  "_source": "https://github.com/angular/bower-angular-i18n.git",
  "_target": "^1.5.5",
  "_originalSource": "angular-i18n",
  "_direct": true
}