{
  "name": "angular-translate-storage-cookie",
  "description": "A plugin for Angular Translate",
  "version": "2.11.0",
  "main": "./angular-translate-storage-cookie.js",
  "ignore": [],
  "author": "Pascal Precht",
  "license": "MIT",
  "dependencies": {
    "angular-translate": "~2.11.0",
    "angular-cookies": ">=1.2.26 <1.6"
  },
  "homepage": "https://github.com/PascalPrecht/bower-angular-translate-storage-cookie",
  "_release": "2.11.0",
  "_resolution": {
    "type": "version",
    "tag": "2.11.0",
    "commit": "12bd2538c640c902bb5943ca9c36ff9e4b940ce8"
  },
  "_source": "https://github.com/PascalPrecht/bower-angular-translate-storage-cookie.git",
  "_target": "^2.11.0",
  "_originalSource": "angular-translate-storage-cookie",
  "_direct": true
}