{
  "name": "angular-translate",
  "description": "A translation module for AngularJS",
  "version": "2.11.0",
  "main": "./angular-translate.js",
  "ignore": [],
  "author": "Pascal Precht",
  "license": "MIT",
  "dependencies": {
    "angular": ">=1.2.26 <1.6"
  },
  "homepage": "https://github.com/PascalPrecht/bower-angular-translate",
  "_release": "2.11.0",
  "_resolution": {
    "type": "version",
    "tag": "2.11.0",
    "commit": "3d24247ad69b436ce06e9e7eae69b370f3d6a355"
  },
  "_source": "https://github.com/PascalPrecht/bower-angular-translate.git",
  "_target": "~2.11.0",
  "_originalSource": "angular-translate"
}