{
  "name": "angular-highlightjs",
  "version": "0.3.3",
  "description": "AngularJS directive for syntax highlighting with highlight.js.",
  "main": "angular-highlightjs.js",
  "ignore": [
    "**/.*",
    "node_modules",
    "bower_components",
    "example",
    "plunk-source",
    "Gruntfile.js",
    "package.json",
    "test",
    "tests"
  ],
  "dependencies": {
    "highlightjs": "~8",
    "angular": ">1.0.8"
  },
  "devDependencies": {},
  "homepage": "https://github.com/pc035860/angular-highlightjs",
  "_release": "0.3.3",
  "_resolution": {
    "type": "version",
    "tag": "v0.3.3",
    "commit": "8d34afc39841a5097a974ea370a447197fc5b6a5"
  },
  "_source": "https://github.com/pc035860/angular-highlightjs.git",
  "_target": "~0.3.2",
  "_originalSource": "angular-highlightjs"
}