{
  "refresher": "Aktualisieren...",
  "signupconfirmtitle": "Registrierung erfolgreich",
  "signupfailtitle": "Registrierung fehlgeschlagen",
  "signupconfirm": "Ihr Konto wurde erstellt",
  "signupexists": "Es ist ein Konto mit der gleichen E-Mail-Adresse oder Benutzername.",
  "back": "Zurück",
  "ecart": "Ihr Warenkorb ist leer",
  "ccart": "Leeren ",
  "nofavproducts": "Sie haben noch keine Favoriten.",
  "nofavorders": "Sie haben noch keine Favoriten.",
  "noupdate": "Nein, finden Sie mein Produkt",
  "update": "Ja, Wagenkorb aktualisieren",
  "modaltitle": "Suchen Sie vieleicht etwas hiervon?",
  "thanks": "Vielen Dank",
  "reqmes": "Das neue Produkt wurde dem Wagen hinzugefügt. Wir werden Sie über Ihren Antrag informieren.",
  "acart": "In den Warenkorb",
  "size": "Inhalt",
  "pname": "Produkt Name",
  "sdetail": "Geben Sie Details an",
  "rproduct": "Produktanfrage",
  "unquery": "Bitte suchen Sie etwas anderes",
  "4letters": "Sie müssen mindestens 3 Buchstaben suchen",
  "wrongsearch": "Falsche Suchen",
  "general": "Algemeine Information",
  "origin": "Herkunft",
  "item": "St.",
  "removefavtemplates": "Sind Sie sicher dass Sie die Bestellung aus den Favoriten entfernen möchten?",
  "removefavord": "Bestellung entfernen",
  "ordertemplate": "Geben Sie einen Namen für die Bestellung an",
  "ordername": "Bestellungs Name",
  "ordertext": "Bitte bestätigen Sie Ihre Lieferadresse",
  "orderconfirm": "Bestätigung",
  "redirectmes_2": " sekunden",
  "redirectmes_1": "Sie werden umgeleitet in ",
  "sendorder": "Bestellung senden",
  "showall": "Alle anzeigen",
  "brand": "Marke",
  "type": "Typ",
  "home": "Home",
  "orderfail": "Fehler",
  "ordersuc": "Ihre Bestellung wurde gesendet",
  "check": "Bestellung",
  "msg": "Nachricht",
  "question": "Fragen Sie uns einfach",
  "favproducts": "Produkte - Favoriten",
  "favorders": "Bestellungen - Favoriten",
  "products": "Produkte",
  "orders": "Bestellungen",
  "respfeed": "Vielen Dank für Ihr Feedback",
  "resp": "Ihre Nachricht wurde gesendet",
  "Send": "Senden",
  "descr": "Beschreibung",
  "topic": "Thema",
  "opinion": "Sprechen Sie Ihre Meinung aus",
  "select": "Auswählen",
  "total": "Preis",
  "subtotal": "Zwischensumme",
  "quant": "Menge",
  "price": "Preis",
  "product": "Produkt",
  "categories": "Kategorien",
  "category": "Kategorie",
  "store": "Shop",
  "menu": "Menü",
  "feedback": "Feedback",
  "favourites": "Favoriten",
  "history": "Bestellverlauf",
  "contact": "Kontakt",
  "signout": "Ausloggen",
  "loginfail": "Fehler beim einloggen",
  "errorpopup": "Falsche username/password Kombination",
  "forlogin": "Zum einloggen",
  "email": "Email",
  "zipc": "Postleitzahl",
  "number": "Hausnummer",
  "address": "Adresse",
  "requiredmail": "muss eine Email adresse sein",
  "requirednum": "muss eine Nummer sein",
  "tel": "Telefon",
  "surname": "Nachname",
  "name": "Vorname",
  "accountdetail": "Konto Details",
  "username": "Benutzername",
  "password": "Passwort",
  "required": "Wird benötigt",
  "signinbutton": "Einloggen",
  "signupbutton": "Registrieren",
  "directives.language-select.Language": "Sprache",
  "settings": "Einstellungen",
  "tutorial_again": "Die Einführung nochmal anschauen",
  "tutorial": "Einführung",
  "tutorial_skip": "Überspringen",
  "tutorial_back": "Zurück",
  "tutorial_next": "Weiter",
  "tutorial_done": "Los geht's!",
  "tut_theme_title": "Themes",
  "news": "Benachrichtungen",
  "edit_prof": "Konto bearbeiten",
  "change_password": "Passwort ändern",
  "welcome": "Willkommen",
  "ok": "OK",
  "cancel": "ABBRECHEN",
  "new_quantity": "Bitte geben Sie die Menge an",
  "max_value": "Max-Wert: 999",
  "general_info": "Allgemeine Informationen",
  "myPopup_msg": "Sie haben bereits einige Produkte dieser Kategorie",
  "frg_pass": "Passwort vergessen",
  "frg_pass_title1": "Schritt 1",
  "email_frg_form": "Geben Sie Ihre Email Adresse an",
  "frg_pass_title2": "Schritt 2",
  "sec_key_frg_form": "Geben Sie den Geheimcode ein",
  "sec_new_pass_frg_form": "Geben Sie das neue Passwort ein",
  "sec_new_ConfirmPass_frg_form": "Passwort bestätigen",
  "submit": "Submit ",
  "session_lost_title": "Session verloren",
  "session_lost_msg": "Etwas ist schief gelaufen. Ihre Sitzung mit dem Server ist verloren gegangen.",
  "comments": "Kommentar",
  "default_add": "Standard Adresse",
  "ship_address": "Lieferadresse",
  "new_address": "Neue Adresse hinzufügen",
  "add": "HINZUFÜGEN",
  "choose_add": "Wählen Sie eine Lieferadresse",
  "edit_add": "Adresse bearbeiten",
  "save": "SPEICHERN",
  "change_pass": "Passwort ändern",
  "current_pass": "Derzeitiges Passwort",
  "new_pass": "Neues Passwort",
  "confirm": "Passwort Bestätigung",
  "success": "Erfolg",
  "changes": "Ihre Änderungen wurden gespeichert.",
  "error": "Fehler",
  "wrong": "Etwas lief schief!",
  "warning": "Warnung",
  "delete_address": "Sind Sie sicher dass Sie diese Adresse löschen wollen?",
  "removed_address": "Ihre Adresse wurde gelöscht.",
  "add_address": "Ihre Adresse wurde hinzugefügt.",
  "wrong_pass": "Falsches Passwort",
  "wrong_confirm": "Passwörter sind nicht identisch.",
  "missing": "Es fehlen Parameter.",
  "no_account": "Kein Konto mit dieser Email gefunden.",
  "info": "Information",
  "key_code": "Ein Code wurde an Ihre Email geschickt. Wenn Sie keinen erhalten haben, suchen Sie bitte in Ihren SPAM/JUNK Ordner.",
  "search": "Suchen",
  "request_order": "Angebot anfordern",
  "no_results": "Keine Ergebnisse.",
  "no_orders": "Sie haben noch keine Bestellungen.",
  "no_products": "Sie haben noch keine Favoriten.",
  "popular": "Beliebte Produkte",
  "similar": "Ähnliche Produkte",
  "music": "Μusik",
  "enable_disable": "Aktivieren/Deaktivieren",
  "adult": "Ich bin mindestens 18 Jahre alt.",
  "vat": "ohne MwSt.",
  "customer_discount": "Kundenrabatt",
  "total_final": "Gesamt",
  "go_store": "Zum Shop",
  "order_status": "Status",
  "pending": "Anstehend",
  "completed": "Fertiggestellt",
  "progress": "in Bearbeitung",
  "status_order1": "Der Status Ihrer Bestellung mit Nummer",
  "status_order2": " wurde geändert auf : ",
  "remove_product": "Sind Sie sicher dass Sie dieses Produkt entfernen möchten?",
  "empty_cart": "Sind Sie sicher dass Sie den Warenkorb leehren möchten?",
  "no_server_title": "Fehler",
  "no_server_connection": "Server konnte nicht erreicht werden. Versuchen Sie es später noch einmal",
  "today": "Heute",
  "yesterday": "Gestern",
  "days": " Tage zuvor",
  "week": " Woche zuvor",
  "weeks": " Wochen zuvor",
  "month": " Monat zuvor",
  "months": " Monate zuvor",
  "year": " Jahr zuvor",
  "years": " Jahre zuvor",
  "no_notif": "Sie haben keine Nachrichten",
  "sort_AZ": "Name A-Z",
  "sort_ZA": "Name Z-A",
  "sort_UP": "Preis Aufsteigend",
  "sort_DOWN": "Preis Absteigend",
  "sort_DATEUP": "Neueste",
  "sort_DATEDOWN": "Älteste",
  "no_internet": "Gerät Offline",
  "no_internet_content": "Keine Verbindung zum Internet, bitte Wi-Fi oder Mobile Daten aktivieren.",
  "check_mail": "Checken Sie Ihre Emails",
  "sidebar_sales": "Vertrieb",
  "sidebar_sales_leads": "Leads",
  "sidebar_sales_notes": "Notizen",
  "sidebar_sales_customers": "Kontakte",
  "sidebar_sales_port": "Produktportfolio",
  "sidebar_sales_place": "Standpunkt",
  "sidebar_sales_stats": "Kundenstatistiken",
  "sidebar_marketing": "Marketing",
  "sidebar_marketing_actions": "Laufende Aktionen",
  "sidebar_marketing_news": "News",
  "sidebar_marketing_rewards": "Belohnungen",
  "sidebar_marketing_message": "Nachricht Senden",
  "sidebar_order": "Bestellungen",
  "sidebar_order_stats": "Statistiken",
  "under_construction": "Im Aufbau",
  "next_step": "Nächster Schritt",
  "day_activity": "Tagesablauf",
  "notes": "Notizen",
  "activity": "Aktivität",
  "contact_person": "Empfang",
  "contact_person_title": "Empfang Titel",
  "lead_name": "Name",
  "lead_company": "Firma",
  "lead_title": "Titel",
  "lead_source": "Quelle",
  "lead_status": "Status",
  "lead_type": "Typ",
  "lead_next_step_completed": "Nächster Schritt abgeschlossen",
  "positive": "Positiv",
  "neutral": "Neutral",
  "negative": "Negativ",
  "date": "Datum",
  "edit": "Ed/ren",
  "todo": "To Do Liste",
  "appointment": "Termin",
  "appointment_call": "Anruf",
  "appointment_internet": "Internet",
  "appointment_mail": "Email",
  "appointment_meeting": "Meeting",
  "appointment_other": "Anderes",
  "status_notYet": "Noch kein Kontakt",
  "status_1st": "1er Kontakt",
  "status_2nd": "2er Kontakt",
  "status_present": "Präsentation",
  "status_offer": "Angebot",
  "status_followUp": "Follow Up",
  "status_deal": "Deal",
  "status_nodeal": "Kein Deal",
  "lead2contact": "Möchten Sie diesen Lead als Kontakt hinzufügen?",
  "recommend": "Empfehlung",
  "customer_c": "Kunde",
  "customer_supl": "Lieferant",
  "customer_cop": "Mitarbeiter",
  "customer_acq": "Bekanntschaft",
  "customer_fr": "Freund",
  "my_company": "Meine Firma",
  "my_salespersons": "Meine Verkäufer",
  "mylocation": "Sie",
  "todo_complete": "Nächsten Schritt vollenden?",
  "remove_lead": "Möchten Sie diesen Lead enfernen?",
  "remove_contact": "Möchten Sie diesen Kontakt enfernen?",
  "statistics": "Statistiken",
  "giro": "Giro",
  "avg_giro": "Mittelw. pro Bestellung",
  "avg_giro_today": "Mittelw. pro Bestel. Heute",
  "avg_orders": "Mittelw. Bestellungen",
  "avg_orders_today": "Bestellungen Heute"
}
