{
  "refresher": "Τραβήξτε για ανανέωση από το διαδίκτυο...",
  "signupconfirmtitle": "Επιτυχής εγγραφή",
  "signupfailtitle": "Αποτυχία εγγραφής",
  "signupconfirm": "Ο λογαριασμός σας δημιουργήθηκε",
  "signupexists": "Υπάρχει λογαριασμός με το ίδιο email ή όνομα χρήστη.",
  "back": "Πίσω",
  "ecart": "Το καλάθι σας είναι άδειο",
  "ccart": "Άδειασμα",
  "nofavproducts": "Δεν έχετε αγαπημένα προϊόντα.",
  "nofavorders": "Δεν έχετε αγαπημένες παραγγελίες.",
  "noupdate": "Όχι, παρακαλώ βρείτε μου το προϊόν.",
  "update": "Ναι. Ενημερώστε το καλάθι μου.",
  "modaltitle": "Μήπως ψάχνετε κάποιο από αυτά?",
  "thanks": "Ευχαριστούμε",
  "reqmes": "Το προϊόν που ζητήσατε, προστέθηκε στο καλάθι σας. Θα σας ενημερώσουμε για την επιθυμία σας",
  "acart": "Προσθήκη στο καλάθι",
  "size": "Μέγεθος",
  "pname": "Όνομα προϊόντος",
  "sdetail": "Δώστε στοιχεία για το προϊόν",
  "rproduct": "Αίτηση προϊόντος",
  "unquery": "Παρακαλώ δοκιμάστε ένα διαφορετικό ερώτημα!",
  "4letters": "Παρακαλώ χρησιμοποιείστε τουλάχιστον 3 χαρακτήρες στο ερώτημά σας!",
  "wrongsearch": "Λάθος αναζήτηση",
  "general": "Γενικές πληροφορίες",
  "origin": "Χώρα προέλευσης",
  "item": "τμχ",
  "removefavtemplates": "Είστε σίγουρος/η πως θέλετε να αφαιρέσετε τη συγκεκριμένη παραγγελίας από τις αγαπημένες σας;",
  "removefavord": "Αφαίρεση αγαπημένης παραγγελίας",
  "ordertemplate": "Δώστε ένα όνομα στην παραγγελίας σας",
  "ordername": "Όνομα Παραγγελίας",
  "ordertext": "Παρακαλώ επιβεβαιώστε την διεύθυνση αποστολής σας",
  "orderconfirm": "Επιβεβαίωση παραγγελίας",
  "redirectmes_2": " δευτερόλεπτα",
  "redirectmes_1": "Θα μεταφερθείτε στο ταμπλό σας σε ",
  "sendorder": "Αποστολή Παραγγελίας",
  "showall": "Προβολή όλων",
  "brand": "Μάρκα",
  "type": "Είδος",
  "home": "Αρχική",
  "orderfail": "Υπήρχε κάποιο πρόβλημα.",
  "ordersuc": "Η παραγγελία σας έχει αποσταλεί.",
  "check": "Αποστολή παραγγελίας",
  "msg": "Μήνυμα",
  "question": "Ρωτήστε μας",
  "favproducts": "Αγαπημένα",
  "favorders": "Αγαπημένα",
  "products": "Προϊόντα",
  "orders": "Παραγγελίες",
  "respfeed": "Ευχαριστούμε! Θα λάβουμε υπόψιν μας τις προτάσεις σας.",
  "resp": "Το μήνυμά σας έχει αποσταλεί",
  "Send": "Αποστολή",
  "descr": "Περιγραφή",
  "topic": "Θέμα",
  "opinion": "Πείτε μας τη γνώμη σας",
  "select": "Επιλογή",
  "total": "Σύνολο",
  "subtotal": "Υποσύνολο",
  "quant": "Ποσότητα",
  "price": "Τιμή",
  "product": "Προϊόν",
  "categories": "Κατηγορίες",
  "category": "Κατηγορία",
  "store": "Κατάστημα",
  "menu": "Μενού",
  "feedback": "Προτάσεις",
  "favourites": "Αγαπημένα",
  "history": "Κατάσταση παραγγελίας",
  "contact": "Επικοινωνία",
  "signout": "Έξοδος",
  "loginfail": "Αποτυχία σύνδεσης",
  "errorpopup": "Το όνομα χρήστη ή ο κωδικός είναι λανθασμένα",
  "forlogin": "Για τη σύνδεση",
  "email": "Ηλεκτρονικό ταχυδρομείο",
  "zipc": "Ταχυδρομικός κωδικός",
  "number": "Αριθμός",
  "address": "Διεύθυνση",
  "requiredmail": "και πρέπει να έχει μορφή ηλεκτρονικού ταχυδρομείου",
  "requirednum": "και πρέπει να είναι αριθμός",
  "tel": "Τηλέφωνο",
  "surname": "Επίθετο",
  "name": "Όνομα",
  "accountdetail": "Στοιχεία Λογαριασμού",
  "username": "Όνομα χρήστη",
  "password": "Κωδικός",
  "required": "Αυτό το πεδίο είναι υποχρεωτικό",
  "signinbutton": "Σύνδεση",
  "signupbutton": "Εγγραφή",
  "directives.language-select.Language": "Γλώσσα",
  "settings": "Ρυθμίσεις",
  "tutorial_again": "Ξαναδείτε τις οδηγίες",
  "tutorial": "Οδηγός",
  "tutorial_skip": "Παράληψη",
  "tutorial_back": "Πίσω",
  "tutorial_next": "Επόμενο",
  "tutorial_done": "Έτοιμος!",
  "tut_theme_title": "Πρόσοψη",
  "news": "Ειδοποιήσεις",
  "edit_prof": "Επεξεργασία Λογαριασμού",
  "change_password": "Αλλαγή κωδικού",
  "welcome": "Καλώς ορίσατε",
  "ok": "ΟΚ",
  "cancel": "ΑΚΥΡΟ",
  "new_quantity": "Εισάγετε νέα ποσότητα",
  "max_value": "Μέγιστη τιμή: 999",
  "general_info": "Γενικές Πληροφορίες",
  "myPopup_msg": "Έχετε ήδη στο καλάθι σας προϊόντα αυτής της κατηγορίας",
  "frg_pass": "Ξέχασα το συνθηματικό",
  "frg_pass_title1": "Βήμα 1",
  "email_frg_form": "Εισάγετε τη διεύθ. ηλ. ταχ. ",
  "frg_pass_title2": "Βήμα 2",
  "sec_key_frg_form": "Εισάγετε τον κωδικό που λάβατε",
  "sec_new_pass_frg_form": "Εισάγετε το νέο συνθηματικό",
  "sec_new_ConfirmPass_frg_form": "Επιβεβαιώστε το νέο συνθηματικό",
  "submit": "Υποβολή",
  "session_lost_title": "Η σύνδεση χάθηκε",
  "session_lost_msg": "Κάτι δεν πήγε καλά. Η σύνδεσή σας με τον διακομιστή έχει χαθεί.",
  "comments": "Σχόλια",
  "default_add": "Διεύθυνση Προφίλ",
  "ship_address": "Διεύθυνση Αποστολής",
  "new_address": "Προσθήκη νέας διεύθυνσης",
  "add": "ΠΡΟΣΘΗΚΗ",
  "choose_add": "Επιλέξτε Διεύθυνση Αποστολής",
  "edit_add": "Επεξεργασία Διεύθυνσης",
  "save": "ΑΠΟΘΗΚΕΥΣΗ",
  "change_pass": "Αλλαγή κωδικού",
  "current_pass": "Τρέχων κωδικός",
  "new_pass": "Νέος κωδικός",
  "confirm": "Επαλήθευση κωδικού",
  "success": "Επιτυχία",
  "changes": "Οι αλλαγές σας έχουν αποθηκευτεί",
  "error": "Σφάλμα",
  "wrong": "Κάτι πήγε στραβά!",
  "warning": "Προειδοποίηση",
  "delete_address": "Είστε σίγουρος/η ότι θέλετε να διαγράψετε την διεύθυνση;",
  "removed_address": "Η διεύθυνση αφαιρέθηκε.",
  "add_address": "Η διεύθυνση προστέθηκε.",
  "wrong_pass": "Λάθος κωδικός.",
  "wrong_confirm": "Οι κωδικοί δεν είναι ίδιοι.",
  "missing": "Λείπουν στοιχεία.",
  "no_account": "Δεν βρέθηκε λογαριασμός για τα στοιχεία που δώσατε.",
  "info": "Πληροφορίες",
  "key_code": "Ο κωδικός έχει σταλεί στην διεύθ. ηλ. ταχ. σας, εάν όχι ενδέχεται να είναι στον φάκελο SPAM/JUNK",
  "search": "Αναζήτηση",
  "request_order": "Ζητήστε προσφορά",
  "no_results": "Δεν υπάρχουν αποτελέσματα για αυτό που ζητήσατε.",
  "no_orders": "Δεν έχετε ακόμα παραγγελίες.",
  "no_products": "Δεν έχετε ακόμα αγαπημένα προϊόντα.",
  "popular": "Δημοφιλή Προϊόντα",
  "similar": "Παρόμοια Προϊόντα",
  "music": "Μουσική",
  "enable_disable": "Ενεργοποίηση/Απενεργοποίηση",
  "adult": "Είμαι τουλάχιστον 18 ετών.",
  "vat": "Χωρίς ΦΠΑ",
  "customer_discount": "Έκπτωση πελάτη",
  "total_final": "Τελικό Σύνολο",
  "go_store": "Πηγαίνετε στο κατάστημα",
  "order_status": "Κατάσταση παραγγελίας",
  "pending": "Σε αναμονή",
  "completed": "Ολοκληρωμένη",
  "progress": "Σε εξέλιξη",
  "status_order1": "Η παραγγελία σας με αριθμό",
  "status_order2": " άλλαξε κατάσταση : ",
  "remove_product": "Είστε σίγουροι ότι θέλετε να αφαιρέσετε το προϊόν;",
  "empty_cart": "Είστε σίγουροι ότι θέλετε να αδειάσετε το καλάθι;",
  "no_server_title": "Σφάλμα",
  "no_server_connection": "Ο διακομιστής δεν βρέθηκε. Δοκιμάστε αργότερα",
  "today": "Σήμερα",
  "yesterday": "Χτές",
  "days": " μέρες πριν",
  "week": " εβδομάδα πριν",
  "weeks": " εβδομάδες πριν",
  "month": " μήνα πριν",
  "months": " μήνες πριν",
  "year": " έτος πριν",
  "years": " έτη πριν",
  "no_notif": "Δεν έχετε ειδοποιήσεις",
  "sort_AZ": "Όνομα Α-Ω",
  "sort_ZA": "Όνομα Ω-Α",
  "sort_UP": "Τιμή αύξουσα",
  "sort_DOWN": "Τιμή φθίνουσα",
  "sort_DATEUP": "Πρόσφατες",
  "sort_DATEDOWN": "Παλαιότερες",
  "no_internet": "Συσκευή χωρίς σύνδεση",
  "no_internet_content": "Δεν υπάρχει σύνδεση στο Διαδίκτυο, παρακαλώ ενεργοποιήστε τα δεδομένα περιήγησης ή συνδεθείτε σε δίκτυο.",
  "check_mail": "Ελέγξτε το ηλ. ταχυδρομείο σας",
  "sidebar_sales": "Πωλήσεις",
  "sidebar_sales_leads": "Δυνητικοί πελάτες",
  "sidebar_sales_notes": "Σημειώσεις",
  "sidebar_sales_customers": "Επαφές",
  "sidebar_sales_port": "Γκάμα προϊόντων",
  "sidebar_sales_place": "Τοποθεσία",
  "sidebar_sales_stats": "Στατιστικά πελατών",
  "sidebar_marketing": "Marketing",
  "sidebar_marketing_actions": "Τρέχουσες προσφορές",
  "sidebar_marketing_news": "Νέα",
  "sidebar_marketing_rewards": "Ανταμοιβή",
  "sidebar_marketing_message": "Αποστολή",
  "sidebar_order": "Παραγγελίες",
  "sidebar_order_stats": "Στατιστικά",
  "under_construction": "Υπό Κατασκευή",
  "next_step": "Επόμενο βήμα",
  "day_activity": "Δράση ημέρας",
  "notes": "Σημειώσεις",
  "activity": "Δραστηριότητες",
  "contact_person": "Άτομο Επικοινωνίας",
  "contact_person_title": "Τίτλος του ατόμου",
  "lead_name": "Όνομα",
  "lead_company": "Εταιρία",
  "lead_title": "Τίτλος",
  "lead_source": "Πηγή",
  "lead_status": "Κατάσταση",
  "lead_type": "Τύπος",
  "lead_next_step_completed": "Επόμενο βήμα έγινε",
  "positive": "Θετική",
  "neutral": "Ουδέτερη",
  "negative": "Αρνητική",
  "date": "Ημερομηνία",
  "edit": "Eπ/σια",
  "todo": "To Do Λίστα",
  "appointment": "Συνάντηση",
  "appointment_call": "Τηλέφωνο",
  "appointment_internet": "Διαδίκτυο",
  "appointment_mail": "Email",
  "appointment_meeting": "Συνεδρίαση",
  "appointment_other": "Αλλο",
  "status_notYet": "Εκκρεμεί επαφή",
  "status_1st": "1η επαφή",
  "status_2nd": "2η επαφή",
  "status_present": "Παρουσίαση",
  "status_offer": "Προσφορά",
  "status_followUp": "Follow Up",
  "status_deal": "Πώληση",
  "status_nodeal": "Οχι πώληση",
  "lead2contact": "Θέλετε να μετατρέψετε τον δυνητικό πελάτη σε κανονικό;",
  "recommend": "Σύσταση",
  "customer_c": "Πελάτης",
  "customer_supl": "Προμηθευτής",
  "customer_cop": "Συνεργάτης",
  "customer_acq": "Γνωριμία",
  "customer_fr": "Φίλος",
  "my_company": "Η εταιρία μου",
  "my_salespersons": "Οι πωλητές μου",
  "mylocation": "Εσείς",
  "todo_complete": "Το επόμενο βήμα έγινε;",
  "remove_lead": "Θέλετε να αφαιρέσετε τον δυνητικό πελάτη;",
  "remove_contact": "Θέλετε να αφαιρέσετε την επαφή;",
  "statistics": "Στατιστικά",
  "giro": "Τζίρος",
  "avg_giro": "ΜΟ ανά παραγγελία",
  "avg_giro_today": "ΜΟ ανά παραγγελία σήμερα",
  "avg_orders": "ΜΟ παραγγελιών",
  "avg_orders_today": "Παραγγελίες σήμερα"
}
