{
  "refresher": "Pull to refresh...",
  "signupconfirmtitle": "Sign up successful",
  "signupfailtitle": "Sign up failed",
  "signupconfirm": "You account has been created",
  "signupexists": "There is an account with the same email address or username.",
  "back": "Back",
  "ecart": "Your cart is empty",
  "ccart": "Clear ",
  "nofavproducts": "You don't have any favourite products.",
  "nofavorders": "You don't have any favourite orders.",
  "noupdate": "No, please find my product.",
  "update": "Yes, update my cart.",
  "modaltitle": "Do you look for one of these?",
  "thanks": "Thank you",
  "reqmes": "Your requested product was added in the cart. We'll inform you about your request.",
  "acart": "Add to cart",
  "size": "Size",
  "pname": "Product Name",
  "sdetail": "Specify Product Details",
  "rproduct": "Product request",
  "unquery": "Please try a different query!",
  "4letters": "Please use at least 3 letters in your search query!",
  "wrongsearch": "Wrong Search",
  "general": "General information",
  "origin": "Origin",
  "item": "pcs",
  "removefavtemplates": "Are you sure you want to remove this order from favourite orders",
  "removefavord": "Remove favourite order",
  "ordertemplate": "Enter name for the order",
  "ordername": "Order Name",
  "ordertext": "Please Verify your shipping address",
  "orderconfirm": "Order Confirmation",
  "redirectmes_2": " seconds",
  "redirectmes_1": "You will be redirected to your dashboard in ",
  "sendorder": "Send Order",
  "showall": "Show All",
  "brand": "Brand",
  "type": "Type",
  "home": "Home",
  "orderfail": "An error occured.",
  "ordersuc": "Your order has been sent.",
  "check": "Checkout",
  "msg": "Message",
  "question": "Ask what you want",
  "favproducts": "Favourite Products",
  "favorders": "Favourites Orders",
  "products": "Products",
  "orders": "Orders",
  "respfeed": "Thank you, we'll consider your ideas.",
  "resp": "Your message has been sent",
  "Send": "Send",
  "descr": "Description",
  "topic": "Topic",
  "opinion": "Tell us your opinion",
  "select": "Select",
  "total": "Price",
  "subtotal": "Subtotal",
  "quant": "Quantity",
  "price": "Price",
  "product": "Product",
  "categories": "Categories",
  "category": "Category",
  "store": "Store",
  "menu": "Menu",
  "feedback": "Feedback",
  "favourites": "Favourites",
  "history": "Order History",
  "contact": "Contact Us",
  "signout": "Sign out",
  "loginfail": "Failed to login",
  "errorpopup": "Wrong username or password",
  "forlogin": "For login",
  "email": "Email",
  "zipc": "Zip code",
  "number": "Number",
  "address": "Address",
  "requiredmail": "and has to be an email",
  "requirednum": "and has to be a number",
  "tel": "Telephone",
  "surname": "Surname",
  "name": "Name",
  "accountdetail": "Account details",
  "username": "User Name",
  "password": "Password",
  "required": "This field is required",
  "signinbutton": "Sign In",
  "signupbutton": "Sign Up",
  "directives.language-select.Language": "Language",
  "settings": "Settings",
  "tutorial_again": "Watch the tutorial",
  "tutorial": "Tutorial",
  "tutorial_skip": "Skip Tutorial",
  "tutorial_back": "Previous Slide",
  "tutorial_next": "Next",
  "tutorial_done": "That's it!",
  "tut_theme_title": "Themes",
  "news": "Notifications",
  "edit_prof": "Edit Account",
  "change_password": "Change password",
  "welcome": "Welcome",
  "ok": "OK",
  "cancel": "CANCEL",
  "new_quantity": "Enter new quantity",
  "max_value": "Max value: 999",
  "general_info": "General Information",
  "myPopup_msg": "You already have some products of this category in your cart",
  "frg_pass": "Forgot password",
  "frg_pass_title1": "Step 1",
  "email_frg_form": "Enter your email address ",
  "frg_pass_title2": "Step 2",
  "sec_key_frg_form": "Enter secret code",
  "sec_new_pass_frg_form": "Enter new password",
  "sec_new_ConfirmPass_frg_form": "Confirm new password",
  "submit": "Submit",
  "session_lost_title": "Session Lost",
  "session_lost_msg": "Something went wrong. Your session with the server has been lost.",
  "comments": "Comments",
  "default_add": "Default Address",
  "ship_address": "Shipping Address",
  "new_address": "Add new Address",
  "add": "ADD",
  "choose_add": "Choose Shipping Address",
  "edit_add": "Edit Address",
  "save": "SAVE",
  "change_pass": "Change Password",
  "current_pass": "Current Password",
  "new_pass": "New Password",
  "confirm": "Confirm New Password",
  "success": "Success",
  "changes": "Your changes have been saved.",
  "error": "Error",
  "wrong": "Something went wrong.",
  "warning": "Warning",
  "delete_address": "Are you sure you want to delete this address?",
  "removed_address": "Your address has been removed.",
  "add_address": "Your address has been added.",
  "wrong_pass": "Wrong password.",
  "wrong_confirm": "Password Missmatch.",
  "missing": "Missing parameters.",
  "no_account": "No account found with this email.",
  "info": "Information",
  "key_code": "A key code has been sent to your email. If you did not get one check your SPAM/JUNK folder",
  "search": "Search",
  "request_order": "Request Offer",
  "no_results": "No results for your query.",
  "no_orders": "You don't have any orders yet.",
  "no_products": "You don't have any favourite products yet.",
  "popular": "Popular Products",
  "similar": "Similar Products",
  "music": "Music",
  "enable_disable": "Enable/Disable",
  "adult": "I am at least 18 years old.",
  "vat": "no VAT included",
  "customer_discount": "Customer discount",
  "total_final": "Total Price",
  "go_store": "Go to the Store",
  "order_status": "Order status",
  "pending": "Pending",
  "completed": "Completed",
  "progress": "In progress",
  "status_order1": "Your order with id",
  "status_order2": " has been changed to : ",
  "remove_product": "Are you sure you want to remove this product?",
  "empty_cart": "Are you sure you want to empty the cart?",
  "no_server_title": "Error",
  "no_server_connection": "Server could not be reached. Try again later",
  "today": "Today",
  "yesterday": "Yesterday",
  "days": " days ago",
  "week": " week ago",
  "weeks": " weeks ago",
  "month": " month ago",
  "months": " months ago",
  "year": " year ago",
  "years": " years ago",
  "no_notif": "You don't have any notifications",
  "sort_AZ": "Name A-Z",
  "sort_ZA": "Name Z-A",
  "sort_UP": "Price Low",
  "sort_DOWN": "Price High",
  "sort_DATEUP": "Latest",
  "sort_DATEDOWN": "Oldest",
  "no_internet": "Device Offline",
  "no_internet_content": "No internet connection, please enable Wi-Fi or Mobile Data.",
  "check_mail": "Check your email",
  "sidebar_sales": "Sales",
  "sidebar_sales_leads": "Leads",
  "sidebar_sales_notes": "Notes",
  "sidebar_sales_customers": "Contacts",
  "sidebar_sales_port": "Product Portfolio",
  "sidebar_sales_place": "Location",
  "sidebar_sales_stats": "Client Stats",
  "sidebar_marketing": "Marketing",
  "sidebar_marketing_actions": "Active Promos",
  "sidebar_marketing_news": "News",
  "sidebar_marketing_rewards": "Rewards",
  "sidebar_marketing_message": "Push Notifications",
  "sidebar_order": "Orders",
  "sidebar_order_stats": "Statistics",
  "under_construction": "Under Construction",
  "next_step": "Next step",
  "day_activity": "Day activity",
  "notes": "Notes",
  "activity": "Activities",
  "contact_person": "Contact Person",
  "contact_person_title": "Contact Person Title",
  "lead_name": "Name",
  "lead_company": "Company",
  "lead_title": "Title",
  "lead_source": "Source",
  "lead_status": "Status",
  "lead_type": "Type",
  "lead_next_step_completed": "Next step completed",
  "positive": "Positive",
  "neutral": "Neutral",
  "negative": "Negative",
  "date": "Date",
  "edit": "Edit",
  "todo": "To Do List",
  "appointment": "Appointment",
  "appointment_call": "Phone Call",
  "appointment_internet": "Internet",
  "appointment_mail": "Email",
  "appointment_meeting": "Meeting",
  "appointment_other": "Other",
  "status_notYet": "No contact yet",
  "status_1st": "1st Contact",
  "status_2nd": "2nd Contact",
  "status_present": "Presentation",
  "status_offer": "Offer",
  "status_followUp": "Follow Up",
  "status_deal": "Deal",
  "status_nodeal": "No Deal",
  "lead2contact":"Do you want to make this Lead a Contact?",
  "recommend":"Recommendation",
  "customer_c":"Customer",
  "customer_supl":"Supplier",
  "customer_cop":"Collaborator",
  "customer_acq":"Acquaintance",
  "customer_fr":"Friend",
  "my_company":"My Company",
  "my_salespersons":"My Salespersons",
  "mylocation":"You",
  "todo_complete":"Complete this TODO?",
  "remove_lead":"Do you want to remove this Lead?",
  "remove_contact":"Do you want to remove this Contact?",
  "statistics":"Statistics",
  "giro":"Giro",
  "avg_giro":"Avg per order",
  "avg_giro_today":"Avg per order today",
  "avg_orders":"Avg orders",
  "avg_orders_today":"Orders today"
}
