  {
      "featured_products": [
          {
              "cat_name": "Non Alcohol",
              "cat_id": "3",
              "products": [
                  {
                      "pid": 10,
                      "pname": "Coca Cola Zero",
                      "psubname": "330ml",
                      "pprice": 0.65,
                      "pdiscount": 10,
                      "pdesc": "Your favourite drink after food.",
                      "porigin": "USA",
                      "pfav": 0,
                      "pcode": "55LAC123",
                      "cat_id": 16
                  },
                  {
                      "pid": 12,
                      "pname": "Epsa",
                      "psubname": "330ml",
                      "pprice": 0.75,
                      "pdiscount": 15,
                      "pdesc": "Your favourite drink when it's hot.",
                      "porigin": "Greece",
                      "pfav": 0,
                      "pcode": "55LCC123",
                      "cat_id": 16
                  }
              ]
          },
  
          {
              "cat_name": "Soft Drinks",
              "cat_id": "1",
              "products": [
                  {
                      "pid": 13,
                      "pname": "Mythos",
                      "psubname": "500ml",
                      "pprice": 1.65,
                      "pdiscount": 5,
                      "pdesc": "Your favourite beer.",
                      "porigin": "Greece",
                      "pfav": 1,
                      "pcode": "55LAG123",
                      "cat_id": 16
                  },
                  {
                      "pid": 14,
                      "pname": "Amstel",
                      "psubname": "500ml",
                      "pprice": 1.8,
                      "pdiscount": 0,
                      "pdesc": "Your favourite beeeer.",
                      "porigin": "Netherlands",
                      "pfav": 0,
                      "pcode": "55LGC123",
                      "cat_id": 4
                  }
              ]
          }
  
  
      ]
  
  }
