{
    "rs": 1,
    "rm": "",
    "rdata": {
        "orders": [
            {
                "odate": "2016-06-17 12:20:22",
                "oid": 2,
                "oname": "no name",
                "ototal": 370,
                "ofav": 0,
                "products": [
                    {
                        "pid": 1,
                        "pname": "Red Bull",
                        "psubname": "250ml",
                        "pprice": 1.5,
                        "quantity": 5
                    },
                    {
                        "pid": 7,
                        "pname": "Alfa",
                        "psubname": "250ml",
                        "pprice": 3,
                        "quantity": 5
                    },
                    {
                        "pid": 2,
                        "pname": "Lucozade",
                        "psubname": "250ml",
                        "pprice": 1.5,
                        "quantity": 20
                    }
                ]
            },
            {
                "odate": "2016-06-17 12:20:22",
                "oid": 7,
                "oname": "Name!",
                "ototal": 222,
                "ofav": 1,
                "products": [
                    {
                        "pid": 3,
                        "pname": "Coca Cola",
                        "psubname": "1litro",
                        "pprice": 2,
                        "quantity": 33
                    },
                    {
                        "pid": 2,
                        "pname": "Lucozade",
                        "psubname": "1litro",
                        "pprice": 3.5,
                        "quantity": 33
                    }
                ]
            }
        ]
    },
    "notif": 0
}