{
  "leads": [{
    "company": "San Soft",
    "name": "Peter Mayer",
    "title": "CEO",
    "phone": "31232131",
    "mobile": 45454554,
    "email": "am@anaxoft.com",
    "status": 4,
    "source": "Freundeskreis",
    "contact_person": "Andrea Peter",
    "contact_person_title": "Sekretariat",
    "lat": "48.790700",
    "lng": "9.152540",
    "activities": [{
      "date": "2016/12/08",
      "type": 0,
      "note": "Erster Kontakt",
      "status": 0,
      "next_step": "Morgen anrufen!",
      "next_step_completed": 1
    }, {
      "date": "2016/12/08",
      "type": 1,
      "note": "Sind gut vorangekommen",
      "status": 1,
      "next_step": "Deal schliessen!",
      "next_step_completed": 1
    }, {
      "date": "2016/12/09",
      "type": 3,
      "note": "Details durchgegangen",
      "status": 1,
      "next_step": "Verkauf",
      "next_step_completed": 0
    }],
    "notes": [{
      "message": "Remember to call CEO about the matter at hand."
    }, {
      "message": "I have good feelings about this company"
    }]
  }, {
    "company": "Anaxoft",
    "name": "Michael Fischer",
    "title": "CTO",
    "phone": "31232131",
    "mobile": 45454554,
    "email": "am@anaxoft.com",
    "status": 2,
    "source": "Social Media",
    "contact_person": "Nina Peters",
    "contact_person_title": "Sekretariat",
    "lat": "48.760335",
    "lng": "9.184443",
    "activities": [{
      "date": "2016/12/09",
      "type": 4,
      "note": "Erster Kontakt",
      "status": 2,
      "next_step": "Ueberzeugen",
      "next_step_completed": 0
    }],
    "notes": [{
      "message": "Negotiations not going well .."
    }]
  }, {
    "company": "SAP",
    "name": "Max Mustermann",
    "title": "CEO",
    "phone": "31232131",
    "mobile": 45454554,
    "email": "am@anaxoft.com",
    "status": 0,
    "source": "Internet",
    "contact_person": "Christina Rump",
    "contact_person_title": "Sekretariat",
    "lat": "48.782331",
    "lng": "9.178975",
    "activities": [],
    "notes": [{
      "message": "Base is in Germany but we talk with department in London."
    }]
  }],
  "contacts": [{
    "company": "Getränke X",
    "name": "Michael Bauer",
    "title": "CEO",
    "phone": "31232131",
    "mobile": 45454554,
    "email": "am@anaxoft.com",
    "status": 4,
    "source": "Freundeskreis",
    "contact_person": "Andrea Peter",
    "contact_person_title": "Sekretariat",
    "lat": "48.771132",
    "lng": "9.159320",
    "giro": "3.564.223,93",
    "avg_giro": "452,03",
    "avg_giro_today": "355,11",
    "avg_orders": "17",
    "avg_orders_today": "22",
    "activities": [{
      "date": "2016/12/10",
      "type": 0,
      "note": "Erster Kontakt",
      "status": 0,
      "next_step": "Morgen anrufen!",
      "next_step_completed": 1
    }, {
      "date": "2016/12/10",
      "type": 1,
      "note": "Sind gut vorangekommen",
      "status": 1,
      "next_step": "Deal schliessen!",
      "next_step_completed": 1
    }, {
      "date": "2016/12/11",
      "type": 3,
      "note": "Details durchgegangen",
      "status": 1,
      "next_step": "Verkauf",
      "next_step_completed": 0
    }],
    "notes": [{
      "message": "Nur mit Frau Schiffer sprechen!"
    }, {
      "message": "Whiskey als Geschenk bringen!"
    }]
  }, {
    "company": "Public",
    "name": "Tim Topert",
    "title": "CTO",
    "phone": "31232131",
    "mobile": 45454554,
    "email": "am@anaxoft.com",
    "status": 2,
    "source": "Social Media",
    "contact_person": "Nina Peters",
    "contact_person_title": "Sekretariat",
    "lat": "48.805950",
    "lng": "9.137241",
    "giro": "1.564.223,93",
    "avg_giro": "222,03",
    "avg_giro_today": "355,11",
    "avg_orders": "17",
    "avg_orders_today": "12",
    "activities": [{
      "date": "2016/12/12",
      "type": 4,
      "note": "Erster Kontakt",
      "status": 2,
      "next_step": "Ueberzeugen",
      "next_step_completed": 0
    }],
    "notes": [{
      "message": "Find Christmas Presents for CEO"
    }, {
      "message": "Invite CEO for Dinner at Hilton."
    }]
  }, {
    "company": "Facebook",
    "name": "Max Mustermann",
    "title": "CEO",
    "phone": "31232131",
    "mobile": 45454554,
    "email": "am@anaxoft.com",
    "status": 0,
    "source": "Internet",
    "contact_person": "Christina Rump",
    "contact_person_title": "Sekretariat",
    "lat": "48.770396",
    "lng": "9.163183",
    "giro": "3.223,93",
    "avg_giro": "25,03",
    "avg_giro_today": "44,11",
    "avg_orders": "4",
    "avg_orders_today": "7",
    "activities": [
    ],
    "notes": [{
      "message": "Something is not right about this company .."
    }]
  }]
}
